no_board,time,gas_smoke,temperature,humidity,lat,long,proba,is_fire
1,2023-08-08 12:30:00,24787.09,33.92727272727272,60.97272727272727,13.677305555555556,100.45544444444445,0.020866368,0.0
1,2023-08-08 12:31:00,15321.804666666667,33.79333333333333,61.086666666666666,13.677305555555556,100.45544444444445,0.06762306,0.0
1,2023-08-08 12:32:00,13357.594444444445,33.53333333333333,61.4388888888889,13.677305555555556,100.45544444444445,0.11065955,0.0
1,2023-08-08 12:33:00,17933.93176470588,33.2764705882353,61.93529411764706,13.677305555555556,100.45544444444445,0.89529365,1.0
1,2023-08-08 12:34:00,26732.64152173913,33.09130434782609,62.31739130434782,13.677305555555556,100.45544444444445,0.9662382,1.0
1,2023-08-08 12:35:00,38180.78384615385,33.36923076923077,62.02307692307692,13.677305555555556,100.45544444444445,0.1469571,0.07692307692307693
1,2023-08-08 12:36:00,40424.66529411765,33.817647058823525,61.2,13.677305555555556,100.45544444444445,0.001499902,0.0
1,2023-08-08 12:37:00,30039.264117647057,33.99411764705882,60.48235294117647,13.677305555555556,100.45544444444445,0.005932025,0.0
1,2023-08-08 12:38:00,28928.674285714285,34.128571428571426,60.357142857142854,13.677305555555554,100.45544444444445,0.0033106564,0.0
1,2023-08-08 12:39:00,54049.248,34.484,59.376000000000005,13.677305555555556,100.45544444444445,0.008561875,0.0
1,2023-08-08 12:40:00,54240.946923076925,34.51538461538461,59.05384615384616,13.677305555555556,100.45544444444445,0.010188575,0.0
1,2023-08-08 12:41:00,33040.18617647059,34.2764705882353,59.48823529411764,13.677305555555556,100.45544444444445,0.007793833,0.0
1,2023-08-08 12:42:00,51063.07575,33.87,60.31,13.677305555555558,100.45544444444445,0.06657501,0.0
1,2023-08-08 12:43:00,59428.527934782614,33.18260869565218,61.81304347826087,13.677305555555556,100.45544444444445,0.9545871,1.0
1,2023-08-08 12:44:00,49898.1602,33.452,61.684,13.677305555555556,100.45544444444445,0.9101363,1.0
1,2023-08-08 12:45:00,49216.14949999999,33.50666666666667,61.43333333333333,13.677305555555556,100.45544444444445,0.12540492,0.0
1,2023-08-08 12:46:00,19665.388750000002,33.63333333333333,62.166666666666664,13.677305555555556,100.45544444444447,0.07426954,0.0
1,2023-08-08 12:47:00,1481.8221428571428,34.0,63.15,13.677305555555554,100.45544444444445,0.0019443386,0.0
1,2023-08-08 12:48:00,1407.8999999999999,34.06666666666667,63.73333333333333,13.677305555555556,100.45544444444447,0.0038120802,0.0
1,2023-08-08 12:49:00,1059.3285714285714,33.99285714285714,62.67142857142857,13.677305555555554,100.45544444444445,0.0036873661,0.0
1,2023-08-08 12:50:00,940.5375,33.68333333333333,63.041666666666664,13.677305555555556,100.45544444444447,0.005075172,0.0
1,2023-08-08 12:51:00,1550.3115,33.6,62.56,13.677305555555558,100.45544444444445,0.0036076927,0.0
1,2023-08-08 12:52:00,752.9433333333333,33.86666666666667,60.46666666666667,13.677305555555556,100.45544444444447,0.012085591,0.0
1,2023-08-08 12:56:00,9198.398,35.739999999999995,55.92,13.677305555555558,100.45544444444445,0.019313829,0.0
1,2023-08-08 12:57:00,9770.383333333333,36.31666666666666,54.583333333333336,13.677305555555556,100.45544444444447,0.10150552,0.0
1,2023-08-08 12:58:00,9221.75608695652,36.53478260869565,53.51739130434783,13.677305555555556,100.45544444444445,0.016946314,0.0
1,2023-08-08 12:59:00,8844.923703703704,37.029629629629625,52.162962962962965,13.677305555555556,100.45544444444444,0.07575107,0.0
1,2023-08-08 13:00:00,22493.418999999998,36.74,52.813333333333325,13.677305555555556,100.45544444444445,0.6444283,1.0
1,2023-08-08 13:01:00,51605.50892857143,35.60476190476191,56.095238095238095,13.677305555555554,100.45544444444447,0.80111724,1.0
1,2023-08-08 13:02:00,5626.877692307693,35.830769230769235,56.06923076923077,13.677305555555556,100.45544444444445,0.026241617,0.0
1,2023-08-08 13:03:00,4165.507272727273,36.0,55.40909090909091,13.677305555555556,100.45544444444445,0.06514881,0.0
1,2023-08-08 13:04:00,4966.07125,35.7625,56.175,13.677305555555556,100.45544444444445,0.026280943,0.0
1,2023-08-08 13:05:00,3848.4616666666666,36.11666666666667,55.61666666666667,13.677305555555556,100.45544444444447,0.0121892085,0.0
1,2023-08-08 13:06:00,305.68347826086955,36.48695652173913,54.68695652173913,13.677305555555556,100.45544444444445,0.017694764,0.0
1,2023-08-08 13:07:00,174.64916666666667,36.61666666666667,54.00833333333333,13.677305555555556,100.45544444444447,0.015928552,0.0
1,2023-08-08 13:08:00,190.33166666666668,36.475,54.56666666666666,13.677305555555556,100.45544444444447,0.04133396,0.0
1,2023-08-08 13:09:00,154.79500000000002,35.76428571428571,55.778571428571425,13.677305555555554,100.45544444444445,0.54937065,1.0
1,2023-08-08 13:10:00,195.64333333333332,35.0,57.48333333333333,13.677305555555556,100.45544444444447,0.6432409,1.0
1,2023-08-08 13:11:00,148.9542857142857,35.09047619047619,57.647619047619045,13.677305555555554,100.45544444444447,0.005407235,0.0
1,2023-08-08 13:12:00,147.87052631578948,35.578947368421055,56.473684210526315,13.677305555555558,100.45544444444445,0.007952101,0.0
1,2023-08-08 13:13:00,234.42583333333334,35.81666666666667,55.59166666666667,13.677305555555556,100.45544444444447,0.002304198,0.0
1,2023-08-08 13:14:00,177.11129032258063,36.08709677419355,54.86451612903225,13.677305555555556,100.45544444444445,0.0013630623,0.0
1,2023-08-08 13:15:00,174.81666666666666,35.80666666666666,55.42666666666666,13.677305555555556,100.45544444444445,0.0043360307,0.0
1,2023-08-08 13:16:00,247.52611111111113,35.294444444444444,56.53888888888889,13.677305555555556,100.45544444444445,0.0031213723,0.0
1,2023-08-08 13:17:00,248.130625,29.79375,52.25,13.677305555555556,100.45544444444445,0.014244883,0.0
1,2023-08-08 13:18:00,1505.321875,34.296875,59.23125,13.677305555555556,100.45544444444445,0.005332664,0.0
1,2023-08-08 13:19:00,926.8622222222223,34.75555555555556,58.23888888888889,13.677305555555556,100.45544444444445,0.0017100642,0.0
1,2023-08-08 13:20:00,1044.7177777777777,34.4,59.22222222222222,13.677305555555556,100.45544444444445,0.0030870552,0.0
1,2023-08-08 13:21:00,1074.699375,34.6,58.8875,13.677305555555556,100.45544444444445,0.0021247754,0.0
1,2023-08-08 13:22:00,791.184,34.63,58.660000000000004,13.677305555555558,100.45544444444445,0.0010307014,0.0
1,2023-08-08 13:23:00,1274.4542857142858,34.49047619047619,58.92380952380953,13.677305555555554,100.45544444444447,0.0018580423,0.0
1,2023-08-08 13:24:00,1226.2516666666668,33.775,60.824999999999996,13.677305555555556,100.45544444444447,0.00064472033,0.0
1,2023-08-08 13:25:00,1021.9925,33.7625,60.95,13.677305555555556,100.45544444444445,0.0014886536,0.0
1,2023-08-08 13:26:00,1495.0088888888888,33.97777777777778,60.13333333333334,13.677305555555556,100.45544444444445,0.00051075505,0.0
1,2023-08-08 13:27:00,955.1478571428571,34.03214285714286,59.67857142857143,13.677305555555554,100.45544444444445,0.0004304813,0.0
1,2023-08-08 13:28:00,1087.4005555555555,33.92777777777778,59.80555555555556,13.677305555555556,100.45544444444445,0.0019598105,0.0
1,2023-08-08 13:29:00,857.460909090909,33.82272727272727,59.845454545454544,13.677305555555556,100.45544444444445,0.00040269506,0.0
1,2023-08-08 13:30:00,743.5036363636364,34.50909090909091,58.4,13.677305555555556,100.45544444444445,0.00041400717,0.0
1,2023-08-08 13:31:00,655.48125,35.3625,56.453125,13.677305555555556,100.45544444444445,0.0014283393,0.0
1,2023-08-08 13:32:00,449.898125,34.853125,57.440625000000004,13.677305555555556,100.45544444444445,0.003403725,0.0
1,2023-08-08 13:33:00,597.2460714285714,34.228571428571435,58.864285714285714,13.677305555555554,100.45544444444445,0.0030779988,0.0
1,2023-08-08 13:34:00,544.577037037037,34.93703703703704,57.51481481481482,13.677305555555556,100.45544444444444,0.0020883433,0.0
1,2023-08-08 13:35:00,461.3370967741936,35.25806451612903,56.84193548387096,13.677305555555556,100.45544444444445,0.00016471057,0.0
1,2023-08-08 13:36:00,501.37970588235294,35.13823529411765,57.15294117647059,13.677305555555556,100.45544444444445,8.781728e-05,0.0
1,2023-08-08 13:37:00,472.24499999999995,35.354166666666664,56.737500000000004,13.677305555555556,100.45544444444447,0.00016154624,0.0
1,2023-08-08 13:38:00,693.3915625,35.440625,56.5625,13.677305555555556,100.45544444444445,0.000108849694,0.0
1,2023-08-08 13:39:00,1597.4472972972974,35.505405405405405,56.52972972972973,13.677305555555556,100.45544444444445,0.00032107704,0.0
1,2023-08-08 13:40:00,971.5385185185186,35.34814814814815,57.56296296296296,13.677305555555556,100.45544444444444,0.0011848144,0.0
1,2023-08-08 13:41:00,387.77882352941174,34.95294117647059,57.78823529411765,13.677305555555556,100.45544444444445,0.00012424517,0.0
1,2023-08-08 13:42:00,326.484375,34.875,57.95625,13.677305555555556,100.45544444444445,0.0001558066,0.0
1,2023-08-08 13:43:00,358.705,34.7,58.4,13.677305555555556,100.45544444444445,0.000107914544,0.0
1,2023-08-08 13:44:00,344.3447058823529,34.73529411764706,58.36470588235294,13.677305555555556,100.45544444444445,0.00011367844,0.0
1,2023-08-08 13:45:00,323.7172,34.832,58.26,13.677305555555556,100.45544444444445,0.00013318962,0.0
1,2023-08-08 13:46:00,270.4725,35.2,57.4125,13.677305555555556,100.45544444444445,0.0001472724,0.0
1,2023-08-08 13:47:00,354.2581818181818,34.92727272727272,57.68181818181818,13.677305555555556,100.45544444444445,0.00012287813,0.0
1,2023-08-08 13:48:00,344.28076923076924,34.54102564102564,58.42307692307692,13.677305555555558,100.45544444444445,7.6542885e-05,0.0
1,2023-08-08 13:49:00,330.57,34.220000000000006,59.160000000000004,13.677305555555558,100.45544444444445,6.732179e-05,0.0
1,2023-08-08 13:50:00,584.0022727272727,34.122727272727275,59.52272727272727,13.677305555555556,100.45544444444445,5.9602666e-05,0.0
1,2023-08-08 13:51:00,392.39894736842103,34.189473684210526,59.58947368421053,13.677305555555558,100.45544444444445,0.000106617284,0.0
1,2023-08-08 13:52:00,345.58500000000004,34.6875,58.75,13.677305555555556,100.45544444444445,0.00079915463,0.0
1,2023-08-08 13:53:00,337.6061904761905,35.09047619047619,57.833333333333336,13.677305555555554,100.45544444444447,0.00015900549,0.0
1,2023-08-08 13:54:00,383.6242105263158,35.27894736842105,57.636842105263156,13.677305555555558,100.45544444444445,0.00066989893,0.0
1,2023-08-08 13:55:00,369.97193548387094,35.08709677419355,57.97741935483871,13.677305555555556,100.45544444444445,0.00011598174,0.0
1,2023-08-08 13:56:00,1014.1034999999999,34.839999999999996,58.629999999999995,13.677305555555558,100.45544444444445,0.005449318,0.0
1,2023-08-08 13:57:00,1701.4753846153847,34.8,58.44615384615384,13.677305555555556,100.45544444444445,0.0065508587,0.0
1,2023-08-08 13:58:00,1754.8414285714284,34.878571428571426,58.378571428571426,13.677305555555554,100.45544444444445,0.0028310043,0.0
1,2023-08-08 13:59:00,1745.2299999999998,35.15,57.98333333333333,13.677305555555556,100.45544444444447,0.0009137508,0.0
1,2023-08-08 14:00:00,953.6314285714286,35.45238095238095,56.60952380952381,13.677305555555554,100.45544444444447,0.0005402108,0.0
1,2023-08-08 14:01:00,440.297,35.510000000000005,56.1,13.677305555555558,100.45544444444445,0.0026435307,0.0
1,2023-08-08 14:03:00,314.7,35.2,57.0,13.677305555555556,100.45544444444445,0.00013210005,0.0
1,2023-08-08 14:04:00,842.3225,34.675000000000004,57.8,13.677305555555556,100.45544444444445,5.0780705e-05,0.0
1,2023-08-08 14:09:00,182.9875,34.65,58.75,13.677305555555556,100.45544444444445,7.765801e-05,0.0
1,2023-08-08 14:19:00,25519.862,35.059999999999995,60.06,13.677305555555558,100.45544444444445,0.0029728697,0.0
1,2023-08-08 14:20:00,8002.23,34.7,61.4,13.677305555555556,100.45544444444445,0.022347772,0.0
1,2023-08-08 14:31:00,5433.334722222222,32.09166666666667,67.64722222222223,13.677305555555556,100.45544444444445,0.0007411934,0.0
1,2023-08-08 14:32:00,5250.635166666666,32.150000000000006,67.54,13.677305555555556,100.45544444444445,0.000272806,0.0
1,2023-08-08 14:33:00,5559.23,32.2,67.7,13.677305555555556,100.45544444444445,0.00018399842,0.0
1,2023-08-08 14:34:00,5559.23,32.2,67.7,13.677305555555556,100.45544444444445,0.00018057073,0.0
1,2023-08-08 14:41:00,517.9635294117646,35.11176470588235,59.3235294117647,13.677305555555556,100.45544444444445,0.0022184628,0.0
1,2023-08-08 14:42:00,712.9693333333332,35.39333333333333,58.55333333333333,13.677305555555556,100.45544444444445,0.0002379899,0.0
1,2023-08-08 14:43:00,527.4473333333333,34.593333333333334,60.71333333333334,13.677305555555556,100.45544444444445,0.0003602519,0.0
1,2023-08-08 14:44:00,1091.8864285714287,34.364285714285714,61.55952380952381,13.677305555555554,100.45544444444447,0.0042721285,0.0
1,2023-08-08 14:45:00,1215.4066666666668,34.43333333333333,61.27777777777778,13.677305555555556,100.45544444444445,0.0021912328,0.0
1,2023-08-08 14:46:00,1308.9388235294118,34.84117647058823,60.68235294117647,13.677305555555556,100.45544444444445,0.49762562,1.0
1,2023-08-08 14:47:00,513.0721052631579,34.33157894736843,62.194736842105264,13.677305555555558,100.45544444444445,0.6793855,1.0
1,2023-08-08 14:48:00,783.9238461538462,34.51538461538461,61.93076923076923,13.677305555555556,100.45544444444445,0.08481268,0.07692307692307693
1,2023-08-08 14:49:00,436.0,34.1,62.75,13.677305555555556,100.45544444444445,0.14041275,0.0
2,2023-08-08 12:30:00,396698.26583333337,34.483333333333334,50.574999999999996,13.67736111111111,100.45544444444447,0.06278406,0.0
2,2023-08-08 12:31:00,411215.93000000005,34.40909090909091,50.58181818181818,13.67736111111111,100.45544444444445,0.1448885,0.0
2,2023-08-08 12:32:00,357307.75375,34.2,50.775,13.67736111111111,100.45544444444445,0.0924098,0.0
2,2023-08-08 12:33:00,368094.984,34.12666666666667,50.879999999999995,13.67736111111111,100.45544444444445,0.8406504,1.0
2,2023-08-08 12:34:00,359629.3221052632,33.89473684210526,51.22105263157895,13.67736111111111,100.45544444444445,0.8767784,1.0
2,2023-08-08 12:35:00,533424.8795238095,33.923809523809524,51.54761904761905,13.67736111111111,100.45544444444447,0.015191977,0.0
2,2023-08-08 12:36:00,336262.10217391304,34.03478260869565,51.39565217391304,13.67736111111111,100.45544444444445,0.008793587,0.0
2,2023-08-08 12:37:00,59276.33,34.144,51.023999999999994,13.67736111111111,100.45544444444445,0.020169966,0.0
2,2023-08-08 12:38:00,780235.89,34.095238095238095,51.05238095238095,13.67736111111111,100.45544444444447,0.013505361,0.0
2,2023-08-08 12:39:00,512903.1246153846,34.44615384615385,50.94615384615384,13.67736111111111,100.45544444444445,0.0034885635,0.0
2,2023-08-08 12:40:00,349859.55299999996,34.62,50.385,13.67736111111111,100.45544444444445,0.010735959,0.0
2,2023-08-08 12:41:00,276228.5433333333,34.72777777777778,50.077777777777776,13.67736111111111,100.45544444444445,0.009844306,0.0
2,2023-08-08 12:42:00,198504.4251851852,33.24074074074074,48.474074074074075,13.67736111111111,100.45544444444444,0.013610949,0.0
2,2023-08-08 12:43:00,248427.08647058823,34.19411764705882,50.2235294117647,13.67736111111111,100.45544444444445,0.7139648,0.8235294117647058
2,2023-08-08 12:44:00,250632.9625,33.989999999999995,51.185,13.67736111111111,100.45544444444445,0.88226354,1.0
2,2023-08-08 12:45:00,250383.8876,34.036,56.976000000000006,13.67736111111111,100.45544444444445,0.041525923,0.0
2,2023-08-08 12:46:00,335123.4395454545,34.050000000000004,51.28181818181818,13.67736111111111,100.45544444444445,0.021030448,0.0
2,2023-08-08 12:47:00,385100.59625,34.9125,50.7875,13.67736111111111,100.45544444444445,0.0023448158,0.0
2,2023-08-08 12:48:00,399777.98333333334,37.266666666666666,48.083333333333336,13.67736111111111,100.45544444444447,0.0004900184,0.0
2,2023-08-08 12:49:00,251972.5808333333,37.38333333333333,47.125,13.67736111111111,100.45544444444447,0.0012621252,0.0
2,2023-08-08 12:50:00,148321.38357142857,37.635714285714286,45.957142857142856,13.67736111111111,100.45544444444445,0.0019204397,0.0
2,2023-08-08 12:52:00,145840.28333333333,37.833333333333336,45.06666666666666,13.67736111111111,100.45544444444447,0.0010236307,0.0
2,2023-08-08 12:53:00,143959.89,38.0,44.3,13.67736111111111,100.45544444444445,0.010257277,0.0
2,2023-08-08 12:54:00,162505.57857142857,37.9,44.4,13.67736111111111,100.45544444444445,0.008162258,0.0
2,2023-08-08 12:56:00,317096.63833333337,38.4,44.28333333333333,13.67736111111111,100.45544444444447,0.0099054435,0.0
2,2023-08-08 12:57:00,270264.084117647,39.00588235294118,43.80588235294118,13.67736111111111,100.45544444444445,0.035763733,0.0
2,2023-08-08 12:58:00,305446.4345454545,38.99090909090909,43.14545454545455,13.67736111111111,100.45544444444445,0.020157347,0.0
2,2023-08-08 12:59:00,278704.337,39.57,42.54,13.67736111111111,100.45544444444445,0.057584763,0.0
2,2023-08-08 13:00:00,215691.38,36.5,39.14,13.67736111111111,100.45544444444445,0.86791193,0.9333333333333333
2,2023-08-08 13:01:00,212727.12785714286,38.65714285714286,42.642857142857146,13.67736111111111,100.45544444444445,0.9329659,1.0
2,2023-08-08 13:02:00,220840.4818181818,38.64545454545455,43.79090909090909,13.67736111111111,100.45544444444445,0.007498801,0.0
2,2023-08-08 13:03:00,248228.55214285714,38.542857142857144,43.707142857142856,13.67736111111111,100.45544444444445,0.022234384,0.0
2,2023-08-08 13:04:00,232489.76666666666,38.22857142857143,44.06666666666666,13.67736111111111,100.45544444444447,0.02470449,0.0
2,2023-08-08 13:05:00,248452.9657142857,38.728571428571435,43.91428571428571,13.67736111111111,100.45544444444445,0.01186423,0.0
2,2023-08-08 13:06:00,239448.61823529413,37.09411764705882,41.4,13.67736111111111,100.45544444444445,0.009236255,0.0
2,2023-08-08 13:07:00,231110.13615384616,39.88461538461539,42.25384615384615,13.67736111111111,100.45544444444445,0.04993601,0.0
2,2023-08-08 13:08:00,217758.99541666664,40.075,41.6625,13.67736111111111,100.45544444444447,0.063772865,0.0
2,2023-08-08 13:09:00,246751.35777777774,39.666666666666664,41.599999999999994,13.67736111111111,100.45544444444445,0.6942152,1.0
2,2023-08-08 13:10:00,303876.38727272727,38.404545454545456,42.56818181818182,13.67736111111111,100.45544444444445,0.9141543,1.0
2,2023-08-08 13:11:00,221496.10749999998,38.075,43.2,13.67736111111111,100.45544444444445,0.009716477,0.0
2,2023-08-08 13:52:00,95499.21857142857,34.542857142857144,51.300000000000004,13.67736111111111,100.45544444444445,0.0011000892,0.0
2,2023-08-08 13:53:00,118893.74,34.712500000000006,50.4625,13.67736111111111,100.45544444444445,0.00013005713,0.0
2,2023-08-08 13:54:00,129698.02523809524,34.819047619047616,50.285714285714285,13.67736111111111,100.45544444444447,0.0015219589,0.0
2,2023-08-08 13:55:00,99971.19200000001,34.74,50.120000000000005,13.67736111111111,100.45544444444445,9.974204e-05,0.0
2,2023-08-08 13:56:00,138493.398,34.58666666666667,51.13333333333333,13.67736111111111,100.45544444444445,0.0040646587,0.0
2,2023-08-08 13:57:00,338144.1425,34.625,51.79375,13.67736111111111,100.45544444444445,0.018563302,0.0
2,2023-08-08 13:58:00,369110.0625,34.675,52.5,13.67736111111111,100.45544444444445,0.0043148887,0.0
2,2023-08-08 13:59:00,398271.0816666667,34.86666666666667,54.13333333333333,13.67736111111111,100.45544444444447,0.006891316,0.0
2,2023-08-08 14:00:00,305974.01499999996,35.733333333333334,52.75,13.67736111111111,100.45544444444447,0.0026101393,0.0
2,2023-08-08 14:01:00,594906.0931818183,35.36818181818182,52.118181818181824,13.67736111111111,100.45544444444445,0.007109938,0.0
2,2023-08-08 14:02:00,946884.9413333334,35.09666666666667,51.763333333333335,13.67736111111111,100.45544444444445,0.0035946746,0.0
2,2023-08-08 14:03:00,620675.3423529412,35.017647058823535,53.470588235294116,13.67736111111111,100.45544444444445,0.0020170424,0.0
2,2023-08-08 14:22:00,1641769.4645,33.265,53.02,13.67736111111111,100.45544444444445,0.0016412782,0.0
2,2023-08-08 14:34:00,478997.6925,31.98125,58.43125,13.67736111111111,100.45544444444445,0.0026227452,0.0
2,2023-08-08 14:35:00,183677.09433333334,32.526666666666664,57.29,13.67736111111111,100.45544444444445,0.0063048825,0.0
2,2023-08-08 14:36:00,98939.86024390244,33.40975609756097,56.06829268292683,13.677361111111113,100.45544444444445,0.0020890753,0.0
2,2023-08-08 14:37:00,70433.45240000001,34.08,54.364,13.67736111111111,100.45544444444445,0.0014032271,0.0
2,2023-08-08 14:38:00,73683.13368421052,33.94736842105263,54.247368421052634,13.67736111111111,100.45544444444445,0.00045693177,0.0
2,2023-08-08 14:39:00,65992.08285714286,34.385714285714286,53.07142857142857,13.67736111111111,100.45544444444445,0.0013344698,0.0
2,2023-08-08 14:40:00,124923.33357142856,33.721428571428575,53.58571428571429,13.67736111111111,100.45544444444445,0.0012529336,0.0
2,2023-08-08 14:41:00,90186.34666666666,33.946666666666665,53.35333333333333,13.67736111111111,100.45544444444445,0.0050405683,0.0
2,2023-08-08 14:42:00,74174.05,33.833333333333336,53.1,13.67736111111111,100.45544444444447,0.00028840097,0.0
2,2023-08-08 14:43:00,85407.65458333334,33.59583333333334,53.71666666666667,13.67736111111111,100.45544444444447,0.00031390198,0.0
2,2023-08-08 14:44:00,205456.4881818182,33.56363636363636,53.91818181818182,13.67736111111111,100.45544444444445,0.0007969711,0.0
2,2023-08-08 14:45:00,429318.5688888889,33.44444444444444,54.01111111111111,13.67736111111111,100.45544444444445,0.002339871,0.0
2,2023-08-08 14:46:00,755345.2116666666,33.875,53.708333333333336,13.67736111111111,100.45544444444447,0.54738027,0.9166666666666666
2,2023-08-08 14:47:00,773324.3010000001,34.32,53.22666666666667,13.67736111111111,100.45544444444445,0.6532864,1.0
2,2023-08-08 14:48:00,151663.86272727273,34.26363636363636,53.190909090909095,13.67736111111111,100.45544444444445,0.0063350857,0.0
2,2023-08-08 14:49:00,265362.20766666665,34.123333333333335,52.89,13.67736111111111,100.45544444444445,0.027975354,0.0
2,2023-08-08 14:50:00,258974.89,34.0,52.2,13.67736111111111,100.45544444444445,0.00082759873,0.0
3,2023-08-08 12:30:00,2045305.5040909068,37.445454545454545,50.127272727272725,13.67736111111111,100.45550000000001,0.020779591,0.0
3,2023-08-08 12:31:00,1947803.3894444427,38.01111111111111,48.74444444444444,13.67736111111111,100.4555,0.038510714,0.0
3,2023-08-08 12:32:00,1890017.7042307677,37.69230769230769,49.13076923076923,13.67736111111111,100.4555,0.017899465,0.0
3,2023-08-08 12:33:00,2046905.795999997,36.94,50.62,13.67736111111111,100.4555,0.47925797,0.8
3,2023-08-08 12:34:00,2076418.2749999966,35.67,53.89,13.67736111111111,100.4555,0.8336164,1.0
3,2023-08-08 12:35:00,976462.3943333317,35.36666666666667,55.22666666666667,13.67736111111111,100.4555,0.005857068,0.0
3,2023-08-08 12:36:00,1573.787142857143,34.92857142857143,57.471428571428575,13.67736111111111,100.4555,0.0036365113,0.0
3,2023-08-08 12:37:00,846.1254545454544,34.89090909090908,57.71818181818182,13.67736111111111,100.45550000000001,0.0076413336,0.0
3,2023-08-08 12:38:00,740.0116666666667,34.84166666666666,58.199999999999996,13.67736111111111,100.45549999999999,0.0065687965,0.0
3,2023-08-08 12:39:00,481.96,36.06666666666666,53.333333333333336,13.67736111111111,100.45549999999999,0.08517062,0.0
3,2023-08-08 12:40:00,518.9,36.94,51.14,13.67736111111111,100.4555,0.026359942,0.0
3,2023-08-08 12:41:00,510.11799999999994,37.64,49.38,13.67736111111111,100.4555,0.0052120206,0.0
3,2023-08-08 12:42:00,481.96,37.5,49.6,13.67736111111111,100.4555,0.0020578525,0.0
3,2023-08-08 12:43:00,629.14,36.125,52.525,13.67736111111111,100.4555,0.9420849,1.0
3,2023-08-08 12:44:00,614.176,36.68,51.36,13.67736111111111,100.4555,0.8848194,1.0
3,2023-08-08 12:45:00,523.025,36.2375,52.5625,13.67736111111111,100.4555,0.24236356,0.25
3,2023-08-08 12:46:00,747.8510526315789,35.3,56.45789473684211,13.67736111111111,100.4555,0.009997078,0.0
3,2023-08-08 12:47:00,574.3623529411765,35.2,57.088235294117645,13.67736111111111,100.4555,0.0008987285,0.0
3,2023-08-08 12:48:00,500.70384615384614,35.26153846153846,57.11538461538461,13.67736111111111,100.4555,0.0014331029,0.0
3,2023-08-08 12:49:00,483.6823809523809,35.0,57.05238095238095,13.67736111111111,100.4555,0.0009949091,0.0
3,2023-08-08 12:50:00,482.96111111111105,34.577777777777776,57.900000000000006,13.67736111111111,100.4555,0.00069556426,0.0
3,2023-08-08 12:51:00,3243.891,34.34,58.43333333333333,13.67736111111111,100.4555,0.0006523245,0.0
3,2023-08-08 12:52:00,12452.82,34.1,57.4,13.67736111111111,100.4555,0.0027010194,0.0
3,2023-08-08 12:53:00,4809.22,34.5,57.1,13.67736111111111,100.4555,0.0025202504,0.0
3,2023-08-08 12:56:00,124969.735,35.575,54.2,13.67736111111111,100.4555,0.011702459,0.0
3,2023-08-08 12:57:00,149312.15333333335,36.891666666666666,50.86666666666667,13.67736111111111,100.45549999999999,0.16923814,0.0
3,2023-08-08 12:58:00,225240.45,37.16,50.38,13.67736111111111,100.4555,0.013370888,0.0
3,2023-08-08 12:59:00,220464.126,37.480000000000004,49.72,13.67736111111111,100.4555,0.027696824,0.0
3,2023-08-08 13:00:00,147832.2438888889,36.68888888888889,51.483333333333334,13.67736111111111,100.4555,0.50144565,1.0
3,2023-08-08 13:01:00,109085.055,35.575,54.199999999999996,13.67736111111111,100.4555,0.68082064,1.0
3,2023-08-08 13:02:00,485133.85444444447,36.111111111111114,53.48888888888889,13.67736111111111,100.4555,0.024066847,0.0
3,2023-08-08 13:03:00,469449.6971428572,35.852380952380955,53.84761904761905,13.67736111111111,100.4555,0.08065419,0.0
3,2023-08-08 13:04:00,483695.6133333334,35.916666666666664,53.93333333333333,13.67736111111111,100.4555,0.027559865,0.0
3,2023-08-08 13:05:00,942954.3944444446,36.2,53.3,13.67736111111111,100.4555,0.03764068,0.0
3,2023-08-08 13:06:00,529055.77625,37.2875,50.825,13.67736111111111,100.4555,0.018795803,0.0
3,2023-08-08 13:07:00,485898.78550000006,37.52,50.160000000000004,13.67736111111111,100.4555,0.039029278,0.0
3,2023-08-08 13:08:00,402695.6366666667,37.13333333333334,50.900000000000006,13.67736111111111,100.4555,0.07887287,0.0
3,2023-08-08 13:09:00,204546.69,36.45555555555555,52.05555555555556,13.67736111111111,100.4555,0.69080806,0.9444444444444444
3,2023-08-08 13:10:00,377164.53692307696,35.361538461538466,55.03076923076923,13.67736111111111,100.4555,0.7997657,1.0
3,2023-08-08 13:11:00,231957.70750000002,35.28333333333333,55.275,13.67736111111111,100.45549999999999,0.005576445,0.0
3,2023-08-08 13:12:00,543524.1421428572,34.92857142857143,56.292857142857144,13.67736111111111,100.4555,0.006140513,0.0
3,2023-08-08 13:13:00,1048066.8494117648,35.364705882352936,54.817647058823525,13.67736111111111,100.4555,0.003897382,0.0
3,2023-08-08 13:14:00,252674.51416666666,35.516666666666666,54.35833333333333,13.67736111111111,100.45549999999999,0.003506067,0.0
3,2023-08-08 13:15:00,400656.17285714287,35.15714285714286,55.199999999999996,13.67736111111111,100.4555,0.006970202,0.0
3,2023-08-08 13:16:00,285004.6524242424,34.54242424242425,56.657575757575756,13.67736111111111,100.4555,0.0031680863,0.0
3,2023-08-08 13:17:00,350520.8683870968,34.251612903225805,56.987096774193546,13.67736111111111,100.4555,0.0047328426,0.0
3,2023-08-08 13:18:00,1735643.0919230755,34.292307692307695,57.23846153846154,13.67736111111111,100.4555,0.0023524999,0.0
3,2023-08-08 13:19:00,870997.4457142857,34.69285714285714,56.57857142857143,13.67736111111111,100.4555,0.0020080758,0.0
3,2023-08-08 13:20:00,550613.5044444444,34.105555555555554,57.81944444444444,13.67736111111111,100.4555,0.0029844325,0.0
3,2023-08-08 13:21:00,1951158.5777777748,34.266666666666666,57.82222222222222,13.67736111111111,100.4555,0.004466951,0.0
3,2023-08-08 13:22:00,1894708.164999998,34.58,56.98,13.67736111111111,100.4555,0.0005112511,0.0
3,2023-08-08 13:23:00,952899.6392307692,34.661538461538456,56.84615384615385,13.67736111111111,100.4555,0.0012533752,0.0
3,2023-08-08 13:24:00,727032.2121874997,34.275,57.65625,13.67736111111111,100.4555,0.00089633034,0.0
3,2023-08-08 13:25:00,1501831.2080952362,33.8952380952381,58.7,13.67736111111111,100.4555,0.00095902,0.0
3,2023-08-08 13:26:00,1989478.397708331,34.34166666666666,57.30833333333334,13.67736111111111,100.45549999999999,0.0006351681,0.0
3,2023-08-08 13:27:00,1614334.858,34.513333333333335,56.60666666666667,13.67736111111111,100.4555,0.0006504798,0.0
3,2023-08-08 13:28:00,1599032.8747368422,34.373684210526314,56.8421052631579,13.67736111111111,100.4555,0.0006005055,0.0
3,2023-08-08 13:29:00,1642469.9065909088,34.35454545454545,56.6409090909091,13.67736111111111,100.45550000000001,0.0005194653,0.0
3,2023-08-08 13:30:00,1471365.3397368423,34.47894736842105,56.47105263157895,13.67736111111111,100.4555,0.00054721354,0.0
3,2023-08-08 13:31:00,1119436.3,34.779999999999994,56.089999999999996,13.67736111111111,100.4555,0.002543691,0.0
3,2023-08-08 13:32:00,1379924.4764285716,34.892857142857146,55.721428571428575,13.67736111111111,100.4555,0.0048046475,0.0
3,2023-08-08 13:33:00,1485046.4749999992,34.723076923076924,56.08461538461539,13.67736111111111,100.4555,0.0028202808,0.0
3,2023-08-08 13:34:00,650550.56,34.77777777777778,56.21666666666667,13.67736111111111,100.4555,0.0012389373,0.0
3,2023-08-08 13:35:00,8647.281818181818,35.081818181818186,55.54545454545455,13.67736111111111,100.45550000000001,9.19673e-05,0.0
3,2023-08-08 13:36:00,8124.607999999999,34.94666666666667,55.77333333333333,13.67736111111111,100.4555,7.800817e-05,0.0
3,2023-08-08 13:37:00,7080.9575,35.05625,55.48125,13.67736111111111,100.4555,0.00016060495,0.0
3,2023-08-08 13:38:00,5855.005714285714,35.17142857142857,55.214285714285715,13.67736111111111,100.4555,7.9038495e-05,0.0
3,2023-08-08 13:39:00,5492.555,35.233333333333334,55.13333333333333,13.67736111111111,100.45549999999999,0.0004313976,0.0
3,2023-08-08 13:40:00,2864.2735714285714,35.142857142857146,55.42142857142857,13.67736111111111,100.4555,0.00073008623,0.0
3,2023-08-08 13:41:00,1107.725,34.550000000000004,56.60833333333333,13.67736111111111,100.45549999999999,7.086456e-05,0.0
3,2023-08-08 13:42:00,2259.91375,34.70625,56.40625,13.67736111111111,100.4555,0.00012072499,0.0
3,2023-08-08 13:43:00,1743.4639130434782,34.7304347826087,56.36086956521739,13.67736111111111,100.45550000000001,0.00010253098,0.0
3,2023-08-08 13:44:00,1492.0459999999998,34.88666666666666,55.96666666666667,13.67736111111111,100.4555,0.00015184333,0.0
3,2023-08-08 13:45:00,1433.8242857142857,34.892857142857146,56.07857142857143,13.67736111111111,100.4555,0.00011468709,0.0
3,2023-08-08 13:46:00,1039.707777777778,34.922222222222224,56.12777777777778,13.67736111111111,100.4555,0.00011640073,0.0
3,2023-08-08 13:47:00,1676.795,34.43333333333333,56.949999999999996,13.67736111111111,100.45549999999999,5.5533263e-05,0.0
3,2023-08-08 13:48:00,2367.0433333333335,33.949999999999996,57.63333333333333,13.67736111111111,100.45549999999999,8.091353e-05,0.0
3,2023-08-08 13:49:00,1533.7337931034483,33.734482758620686,58.02413793103448,13.67736111111111,100.4555,8.878223e-05,0.0
3,2023-08-08 13:50:00,3656.8716666666664,33.90833333333333,57.9,13.67736111111111,100.45549999999999,7.219048e-05,0.0
3,2023-08-08 13:51:00,3713.9118750000002,34.0375,57.6,13.67736111111111,100.4555,9.62646e-05,0.0
3,2023-08-08 13:52:00,1980.4727272727273,34.64090909090909,56.79545454545455,13.67736111111111,100.45550000000001,0.00042038818,0.0
3,2023-08-08 13:53:00,1619.6419230769231,34.78846153846154,56.53846153846154,13.67736111111111,100.4555,0.00018093377,0.0
3,2023-08-08 13:54:00,1363.1595,35.075,56.105,13.67736111111111,100.4555,0.00065712974,0.0
3,2023-08-08 13:55:00,1200.11,34.858333333333334,56.637499999999996,13.67736111111111,100.45549999999999,8.512692e-05,0.0
3,2023-08-08 13:56:00,1760.76,34.49285714285714,57.392857142857146,13.67736111111111,100.4555,0.0013025432,0.0
3,2023-08-08 13:57:00,1607.2325,34.7125,56.80416666666667,13.67736111111111,100.45549999999999,0.0024566806,0.0
3,2023-08-08 13:58:00,1709.5574074074075,34.9,56.507407407407406,13.67736111111111,100.4555,0.00191616,0.0
3,2023-08-08 13:59:00,1439.7214814814815,35.288888888888884,55.4,13.67736111111111,100.4555,0.0031442312,0.0
3,2023-08-08 14:00:00,1386.9219999999998,35.22,55.059999999999995,13.67736111111111,100.4555,0.00047728154,0.0
3,2023-08-08 14:01:00,1371.2107142857144,34.66428571428572,56.278571428571425,13.67736111111111,100.4555,0.0027235711,0.0
3,2023-08-08 14:02:00,1549.6008333333332,34.425,56.46666666666667,13.67736111111111,100.45549999999999,0.0022327981,0.0
3,2023-08-08 14:03:00,1386.6128125,34.434374999999996,56.128125000000004,13.67736111111111,100.4555,0.0019028402,0.0
3,2023-08-08 14:04:00,742.9519642857142,34.121428571428574,56.973214285714285,13.67736111111111,100.4555,4.0584415e-05,0.0
3,2023-08-08 14:05:00,1838.7373333333335,34.065000000000005,56.96666666666667,13.67736111111111,100.4555,4.9769274e-05,0.0
3,2023-08-08 14:06:00,1709.284,34.21,57.03333333333333,13.67736111111111,100.4555,4.607782e-05,0.0
3,2023-08-08 14:07:00,2516.260333333333,34.21,57.19666666666667,13.67736111111111,100.4555,9.0066555e-05,0.0
3,2023-08-08 14:08:00,2145.0815,34.33,56.94666666666667,13.67736111111111,100.4555,6.8985006e-05,0.0
3,2023-08-08 14:09:00,1711.9388235294118,34.28431372549019,58.01372549019607,13.677361111111109,100.45549999999999,5.8056758e-05,0.0
3,2023-08-08 14:10:00,3699.909821428572,34.301785714285714,58.96964285714286,13.67736111111111,100.4555,0.00010648488,0.0
3,2023-08-08 14:11:00,2244.8333333333335,34.71666666666667,58.291666666666664,13.67736111111111,100.4555,0.000114228926,0.0
3,2023-08-08 14:12:00,851.6309090909091,34.38636363636363,59.11363636363637,13.67736111111111,100.45550000000001,5.2577747e-05,0.0
3,2023-08-08 14:13:00,2333.795,34.02142857142857,60.83571428571428,13.67736111111111,100.4555,0.000119319826,0.0
3,2023-08-08 14:14:00,3461.028,34.285,60.083333333333336,13.67736111111111,100.4555,0.00010342173,0.0
3,2023-08-08 14:15:00,1928.6879999999999,34.480000000000004,59.635,13.67736111111111,100.4555,9.75539e-05,0.0
3,2023-08-08 14:16:00,1441.401,34.045,61.625,13.67736111111111,100.4555,0.00012629147,0.0
3,2023-08-08 14:17:00,3093.870701754386,34.059649122807016,62.25263157894737,13.677361111111113,100.4555,0.00033566655,0.0
3,2023-08-08 14:18:00,2862.7323333333334,33.96,62.65833333333333,13.67736111111111,100.4555,0.00029560504,0.0
3,2023-08-08 14:19:00,2695.059574468085,33.9936170212766,62.62553191489362,13.677361111111109,100.45550000000001,0.003109788,0.0
3,2023-08-08 14:20:00,2921.5435714285713,34.246428571428574,62.294642857142854,13.67736111111111,100.4555,0.016817821,0.0
3,2023-08-08 14:21:00,3908.5064285714284,34.39642857142857,61.21071428571429,13.67736111111111,100.4555,0.00079524016,0.0
3,2023-08-08 14:22:00,605.775294117647,33.682352941176475,62.405882352941184,13.67736111111111,100.4555,0.0008184756,0.0
3,2023-08-08 14:34:00,489.356875,31.6875,69.24375,13.67736111111111,100.4555,0.0097390935,0.0
3,2023-08-08 14:35:00,481.9599999999999,32.019999999999996,67.92,13.67736111111111,100.4555,0.0055882605,0.0
3,2023-08-08 14:36:00,11109.52052631579,32.805263157894736,65.60000000000001,13.67736111111111,100.4555,0.0016782883,0.0
3,2023-08-08 14:37:00,14125.297931034484,33.286206896551725,64.1655172413793,13.67736111111111,100.4555,0.0012182867,0.0
3,2023-08-08 14:38:00,37162.931666666664,33.1,64.62083333333334,13.67736111111111,100.45549999999999,0.0005323103,0.0
3,2023-08-08 14:39:00,17607.914117647062,33.629411764705885,63.22941176470589,13.67736111111111,100.4555,0.0010751858,0.0
3,2023-08-08 14:40:00,27798.543809523813,33.32857142857143,63.04761904761905,13.67736111111111,100.4555,0.0005829917,0.0
3,2023-08-08 14:41:00,22956.873125,33.4625,62.7625,13.67736111111111,100.4555,0.0075250883,0.0
3,2023-08-08 14:42:00,21824.26916666667,33.675000000000004,62.31666666666666,13.67736111111111,100.45549999999999,0.00038223053,0.0
3,2023-08-08 14:43:00,32651.142222222225,33.51111111111111,62.76111111111111,13.67736111111111,100.4555,0.0004818027,0.0
3,2023-08-08 14:44:00,38484.86571428571,33.471428571428575,62.75714285714286,13.67736111111111,100.4555,0.0004022336,0.0
3,2023-08-08 14:45:00,28675.79054054054,33.28648648648649,62.89729729729729,13.67736111111111,100.4555,0.005350067,0.0
3,2023-08-08 14:46:00,20605.8075,33.65,62.71666666666667,13.67736111111111,100.45549999999999,0.6962258,1.0
3,2023-08-08 14:47:00,18749.570714285714,33.971428571428575,62.464285714285715,13.67736111111111,100.4555,0.73363966,1.0
3,2023-08-08 14:48:00,17294.565454545456,34.07272727272727,62.43636363636363,13.67736111111111,100.45550000000001,0.011274195,0.0
3,2023-08-08 14:49:00,16608.4865,34.11,60.760000000000005,13.67736111111111,100.4555,0.0154329715,0.0
3,2023-08-08 14:50:00,6169.639661016949,34.05762711864407,59.932203389830505,13.677361111111109,100.4555,0.00105153,0.0
3,2023-08-08 14:51:00,1316.2741666666666,34.480000000000004,58.26166666666667,13.67736111111111,100.4555,4.9863076e-05,0.0
3,2023-08-08 14:52:00,1185.4200000000003,34.5,58.2,13.67736111111111,100.4555,3.1498097e-05,0.0
3,2023-08-08 14:53:00,1156.3173333333334,34.50833333333333,57.735,13.67736111111111,100.4555,3.1389787e-05,0.0
3,2023-08-08 14:54:00,811.53,34.3,57.1,13.67736111111111,100.4555,2.9873454e-05,0.0
3,2023-08-08 14:55:00,811.53,34.3,57.1,13.67736111111111,100.4555,2.9873454e-05,0.0
3,2023-08-08 14:56:00,811.53,34.3,57.1,13.67736111111111,100.4555,2.9873454e-05,0.0
3,2023-08-08 14:57:00,837.7666666666667,34.3,57.1,13.67736111111111,100.4555,2.9873454e-05,0.0
3,2023-08-08 14:58:00,1001.4586666666667,34.19666666666667,59.166666666666664,13.67736111111111,100.4555,4.2466898e-05,0.0
3,2023-08-08 14:59:00,87083.48616666667,33.653333333333336,64.07,13.67736111111111,100.4555,0.0038594047,0.0
3,2023-08-08 15:00:00,558.2548333333333,33.32333333333333,64.23166666666667,13.67736111111111,100.4555,0.0011077281,0.0
3,2023-08-08 15:01:00,481.9599999999999,33.2,64.1,13.67736111111111,100.4555,0.00015652046,0.0
4,2023-08-08 12:30:00,6880.02,36.725,54.0,13.677305555555556,100.4555,0.03681229,0.0
4,2023-08-08 12:31:00,6504.0235999999995,37.008,53.288000000000004,13.677305555555556,100.45549999999999,0.069114305,0.0
4,2023-08-08 12:32:00,6115.133333333333,36.82380952380953,53.280952380952385,13.677305555555554,100.4555,0.046665866,0.0
4,2023-08-08 12:33:00,6728.04304347826,35.869565217391305,55.38260869565217,13.677305555555556,100.45550000000001,0.70075274,1.0
4,2023-08-08 12:34:00,9810.2375,35.5625,56.475,13.677305555555556,100.4555,0.68586284,1.0
4,2023-08-08 12:35:00,26772.86,35.46363636363637,57.472727272727276,13.677305555555556,100.45550000000001,0.003942077,0.0
4,2023-08-08 12:36:00,170187.55833333335,34.81666666666666,60.1,13.677305555555556,100.45549999999999,0.0027269137,0.0
4,2023-08-08 12:37:00,166245.85857142857,34.6,61.15714285714286,13.677305555555554,100.4555,0.006337476,0.0
4,2023-08-08 12:38:00,178299.5375,34.355,62.260000000000005,13.677305555555558,100.4555,0.0066138664,0.0
4,2023-08-08 12:39:00,137940.84312499998,35.512499999999996,57.24375,13.677305555555556,100.4555,0.010570831,0.0
4,2023-08-08 12:40:00,1894474.9844444443,35.96666666666667,55.833333333333336,13.677305555555556,100.4555,0.005075639,0.0
4,2023-08-08 12:41:00,2846634.5746666663,36.666666666666664,54.04666666666667,13.677305555555556,100.4555,0.013342517,0.0
4,2023-08-08 12:42:00,1652627.0227272727,36.26363636363636,54.43181818181818,13.677305555555556,100.45550000000001,0.006702213,0.0
4,2023-08-08 12:43:00,27421.4075,35.725,55.75,13.677305555555556,100.4555,0.79940957,1.0
4,2023-08-08 12:44:00,17750.368,36.25,54.71,13.677305555555558,100.4555,0.6660363,1.0
4,2023-08-08 12:45:00,529539.7516666666,35.56666666666667,56.56666666666666,13.677305555555556,100.45549999999999,0.022117613,0.0
4,2023-08-08 12:46:00,3213013.035714286,34.81428571428571,60.128571428571426,13.677305555555554,100.4555,0.014963286,0.0
4,2023-08-08 12:47:00,1868364.7028571428,34.75714285714285,60.642857142857146,13.677305555555554,100.4555,0.0014515361,0.0
4,2023-08-08 12:48:00,2417435.765625,34.762499999999996,60.64375,13.677305555555556,100.4555,0.0006215222,0.0
4,2023-08-08 12:49:00,3338517.326923077,34.43846153846154,60.723076923076924,13.677305555555556,100.4555,0.001399593,0.0
4,2023-08-08 12:50:00,2626748.421875,34.212500000000006,60.9875,13.677305555555556,100.4555,0.0010341997,0.0
4,2023-08-08 12:51:00,1767663.4899999998,34.0,61.589999999999996,13.677305555555558,100.4555,0.0034137696,0.0
4,2023-08-08 12:52:00,536889.9540816327,34.593877551020405,58.85918367346939,13.677305555555556,100.45549999999999,0.007941523,0.0
4,2023-08-08 12:53:00,317400.75727272726,34.445454545454545,59.24363636363636,13.677305555555558,100.4555,0.0070927697,0.0
4,2023-08-08 12:54:00,711756.6281132075,35.532075471698114,56.77735849056604,13.677305555555556,100.4555,0.0074321185,0.0
4,2023-08-08 12:55:00,65709.76833333334,35.623333333333335,56.39,13.677305555555556,100.4555,0.020315653,0.0
4,2023-08-08 12:56:00,32130.256444444447,35.60444444444445,56.21777777777778,13.677305555555556,100.45550000000001,0.0050250893,0.0
4,2023-08-08 12:57:00,36789.1648,35.484,56.424,13.677305555555556,100.45549999999999,0.029045528,0.0
4,2023-08-08 12:58:00,30656.61857142857,35.44761904761905,56.57619047619047,13.677305555555554,100.4555,0.0076564094,0.0
4,2023-08-08 12:59:00,23560.29722222222,35.73888888888889,55.794444444444444,13.677305555555556,100.4555,0.04479519,0.0
4,2023-08-08 13:00:00,18614.548333333332,35.449999999999996,56.574999999999996,13.677305555555556,100.45549999999999,0.39343634,1.0
4,2023-08-08 13:01:00,19538.702352941178,34.91764705882353,58.14705882352941,13.677305555555556,100.4555,0.8685918,1.0
4,2023-08-08 13:02:00,20889.881111111114,35.17037037037037,57.907407407407405,13.677305555555556,100.4555,0.04317603,0.037037037037037035
4,2023-08-08 13:03:00,17413.99785714286,35.17142857142857,57.75,13.677305555555554,100.4555,0.089391656,0.0
4,2023-08-08 13:04:00,13688.206923076923,34.815384615384616,58.98461538461538,13.677305555555556,100.4555,0.027505063,0.0
4,2023-08-08 13:05:00,13696.113548387097,35.73548387096774,56.57741935483871,13.677305555555556,100.4555,0.016118007,0.0
4,2023-08-08 13:06:00,47089.66416666666,36.449999999999996,54.90833333333333,13.677305555555556,100.45549999999999,0.011979885,0.0
4,2023-08-08 13:07:00,158834.32466666668,36.24666666666667,54.8,13.677305555555556,100.4555,0.01837367,0.0
4,2023-08-08 13:08:00,267119.8306666667,36.11333333333334,55.29333333333333,13.677305555555556,100.4555,0.054098025,0.0
4,2023-08-08 13:09:00,586753.372,35.15,57.58,13.677305555555558,100.4555,0.66746217,1.0
4,2023-08-08 13:10:00,1424041.8389473686,34.6,59.1578947368421,13.677305555555558,100.4555,0.767232,1.0
4,2023-08-08 13:11:00,644167.0973913043,35.013043478260876,58.165217391304346,13.677305555555556,100.45550000000001,0.03812742,0.043478260869565216
4,2023-08-08 13:12:00,307966.2837037037,35.48148148148148,56.89259259259259,13.677305555555556,100.4555,0.008004006,0.0
4,2023-08-08 13:13:00,1830685.230967742,35.63870967741936,56.13548387096775,13.677305555555556,100.4555,0.004833749,0.0
4,2023-08-08 13:14:00,2725432.68,35.800000000000004,55.71764705882353,13.677305555555556,100.4555,0.0010571649,0.0
4,2023-08-08 13:15:00,2902190.2595652174,35.55217391304348,56.13478260869565,13.677305555555556,100.45550000000001,0.0026588074,0.0
4,2023-08-08 13:16:00,1596238.1888888888,35.02222222222222,57.53333333333333,13.677305555555556,100.4555,0.0044626575,0.0
4,2023-08-08 13:17:00,299059.5330769231,34.24615384615385,59.58461538461539,13.677305555555556,100.4555,0.006885993,0.0
4,2023-08-08 13:18:00,239770.14266666668,34.78,58.34666666666667,13.677305555555556,100.4555,0.00203126,0.0
4,2023-08-08 13:19:00,194204.80428571432,35.128571428571426,57.614285714285714,13.677305555555554,100.4555,0.0007653863,0.0
4,2023-08-08 13:20:00,387939.92066666664,34.666666666666664,58.88666666666666,13.677305555555556,100.4555,0.0013759026,0.0
4,2023-08-08 13:21:00,327379.7822857143,34.665714285714294,59.28000000000001,13.677305555555556,100.4555,0.0022000053,0.0
4,2023-08-08 13:22:00,1324331.408,34.85666666666667,58.53333333333333,13.677305555555556,100.4555,0.00052208913,0.0
4,2023-08-08 13:23:00,458845.5823076923,34.86538461538461,58.59615384615385,13.677305555555556,100.4555,0.0012061594,0.0
4,2023-08-08 13:24:00,1875975.876875,34.31875,59.93125,13.677305555555556,100.4555,0.00068758463,0.0
4,2023-08-08 13:25:00,2510943.8517391304,34.01304347826087,61.10434782608696,13.677305555555556,100.45550000000001,0.0017067496,0.0
4,2023-08-08 13:26:00,2243537.7405555556,34.349999999999994,59.583333333333336,13.677305555555556,100.4555,0.00043670705,0.0
4,2023-08-08 13:27:00,2535228.0605882355,34.57647058823529,58.794117647058826,13.677305555555556,100.4555,0.0005571138,0.0
4,2023-08-08 13:28:00,1151105.2943478262,34.53478260869565,58.80434782608695,13.677305555555556,100.45550000000001,0.0006915886,0.0
4,2023-08-08 13:29:00,2463889.46125,34.45625,58.75,13.677305555555556,100.4555,0.00037371085,0.0
4,2023-08-08 13:30:00,64605.14181818182,34.836363636363636,57.92727272727273,13.677305555555556,100.45550000000001,0.00040886924,0.0
4,2023-08-08 13:31:00,11376.052777777779,35.78888888888889,55.45,13.677305555555556,100.4555,0.0018898238,0.0
4,2023-08-08 13:32:00,11526.127142857144,35.33571428571428,56.65714285714286,13.677305555555554,100.4555,0.0029368086,0.0
4,2023-08-08 13:33:00,18160.811578947367,34.59473684210527,58.478947368421046,13.677305555555558,100.4555,0.0045264093,0.0
4,2023-08-08 13:34:00,28139.018,35.14666666666667,57.36,13.677305555555556,100.4555,0.0012969603,0.0
4,2023-08-08 13:35:00,9290.646666666667,35.75555555555556,55.63333333333333,13.677305555555556,100.4555,0.000114223374,0.0
4,2023-08-08 13:36:00,23517.373636363638,35.809090909090905,55.66363636363636,13.677305555555556,100.45550000000001,7.656277e-05,0.0
4,2023-08-08 13:37:00,13250.5655,36.105000000000004,54.875,13.677305555555558,100.4555,0.00015833849,0.0
4,2023-08-08 13:38:00,11072.616666666667,36.2,54.65714285714286,13.677305555555554,100.4555,5.671067e-05,0.0
4,2023-08-08 13:39:00,199014.25636363638,36.29090909090909,54.51818181818182,13.677305555555556,100.45550000000001,0.0007265871,0.0
4,2023-08-08 13:40:00,10241.452631578948,35.78947368421053,56.073684210526324,13.677305555555558,100.4555,0.00023727136,0.0
4,2023-08-08 13:41:00,9311.45,35.18709677419355,57.4483870967742,13.677305555555556,100.4555,8.784471e-05,0.0
4,2023-08-08 13:42:00,8298.076785714286,34.93928571428571,58.17857142857143,13.677305555555554,100.4555,0.00011347165,0.0
4,2023-08-08 13:43:00,7691.436285714286,34.8,58.84,13.677305555555556,100.4555,0.00010509948,0.0
4,2023-08-08 13:44:00,7654.720357142857,34.84642857142857,58.621428571428574,13.677305555555554,100.4555,0.0001206618,0.0
4,2023-08-08 13:45:00,7229.539047619048,34.95238095238095,58.49047619047619,13.677305555555554,100.4555,0.00010521574,0.0
4,2023-08-08 13:46:00,7002.044411764706,35.16470588235295,57.99705882352941,13.677305555555556,100.4555,0.00010656277,0.0
4,2023-08-08 13:47:00,12132.229047619048,34.92857142857143,58.10476190476191,13.677305555555554,100.4555,0.00011545174,0.0
4,2023-08-08 13:48:00,13874.217333333334,34.559999999999995,58.85333333333333,13.677305555555556,100.4555,6.708611e-05,0.0
4,2023-08-08 13:49:00,18184.33523809524,34.333333333333336,59.209523809523816,13.677305555555554,100.4555,9.435792e-05,0.0
4,2023-08-08 13:50:00,25920.19884615385,34.21923076923077,59.75,13.677305555555556,100.4555,8.751921e-05,0.0
4,2023-08-08 13:51:00,24152.947999999997,34.308,60.012,13.677305555555556,100.45549999999999,0.00013838058,0.0
4,2023-08-08 13:52:00,18782.91,34.71875,59.35625,13.677305555555556,100.4555,0.0004542595,0.0
4,2023-08-08 13:53:00,24276.496000000003,34.980000000000004,58.620000000000005,13.677305555555558,100.4555,0.00029714563,0.0
4,2023-08-08 13:56:00,323001.74454545457,34.554545454545455,60.054545454545455,13.677305555555556,100.45550000000001,0.0013163362,0.0
4,2023-08-08 13:57:00,537385.7328571428,34.55714285714286,59.67142857142857,13.677305555555554,100.4555,0.0020439713,0.0
4,2023-08-08 13:58:00,805285.7293333333,34.65333333333333,59.586666666666666,13.677305555555556,100.4555,0.001375051,0.0
4,2023-08-08 13:59:00,247381.82523809525,35.24285714285715,57.91904761904762,13.677305555555554,100.4555,0.0023770095,0.0
4,2023-08-08 14:00:00,4087.312777777778,35.605555555555554,56.5,13.677305555555556,100.4555,0.00034839957,0.0
4,2023-08-08 14:01:00,1844.8485714285714,36.75714285714286,53.628571428571426,13.677305555555554,100.4555,0.015655372,0.0
4,2023-08-08 14:02:00,1648.03,37.300000000000004,51.800000000000004,13.677305555555556,100.45549999999999,0.019875845,0.0
4,2023-08-08 14:03:00,1650.914,37.56,50.08,13.677305555555558,100.4555,0.0015075273,0.0
4,2023-08-08 14:09:00,1616.36,38.06,49.1,13.677305555555558,100.4555,0.000109236746,0.0
4,2023-08-08 14:10:00,1616.36,39.6,46.8,13.677305555555556,100.4555,0.0001529169,0.0
4,2023-08-08 14:12:00,1716.56125,39.237500000000004,48.49375,13.677305555555556,100.4555,0.0001088713,0.0
4,2023-08-08 14:13:00,1636.2716666666665,39.044444444444444,48.98888888888889,13.677305555555556,100.4555,0.00018644045,0.0
4,2023-08-08 14:17:00,1996.7,38.9,49.20000000000001,13.677305555555556,100.45549999999999,0.0007287827,0.0
4,2023-08-08 14:19:00,607327.425,37.475,54.2375,13.677305555555556,100.4555,0.0013470728,0.0
4,2023-08-08 14:20:00,21379.43,36.43333333333334,57.06666666666666,13.677305555555556,100.45549999999999,0.0022580165,0.0
4,2023-08-08 14:21:00,2307275.875625,34.34375,61.8125,13.677305555555556,100.4555,0.0025259894,0.0
4,2023-08-08 14:22:00,3557958.75,33.80434782608695,63.5304347826087,13.677305555555556,100.45550000000001,0.00061389216,0.0
4,2023-08-08 14:23:00,3557958.75,33.6,64.2,13.677305555555556,100.4555,0.0004149792,0.0
4,2023-08-08 14:24:00,3557958.75,33.6,64.2,13.677305555555556,100.4555,0.00039556107,0.0
4,2023-08-08 14:25:00,3557958.75,33.6,64.2,13.677305555555556,100.4555,0.00039556107,0.0
4,2023-08-08 14:26:00,3557958.75,33.6,64.2,13.677305555555556,100.4555,0.00039556107,0.0
4,2023-08-08 14:27:00,3557958.75,33.6,64.2,13.677305555555556,100.4555,0.00039556107,0.0
4,2023-08-08 14:28:00,3557958.75,33.6,64.2,13.677305555555556,100.4555,0.00039556107,0.0
4,2023-08-08 14:29:00,3557958.75,33.6,64.2,13.677305555555556,100.4555,0.00039556107,0.0
4,2023-08-08 14:30:00,3557958.75,33.6,64.2,13.677305555555556,100.4555,0.00039556107,0.0
4,2023-08-08 14:31:00,3557958.75,33.6,64.2,13.677305555555556,100.45549999999999,0.00039556107,0.0
4,2023-08-08 14:34:00,42164.810769230775,31.876923076923074,71.3076923076923,13.677305555555556,100.4555,0.005385336,0.0
4,2023-08-08 14:35:00,114290.37200000002,32.168,70.47200000000001,13.677305555555556,100.45549999999999,0.010259743,0.0
4,2023-08-08 14:37:00,5103.173333333333,36.96666666666667,56.1,13.677305555555556,100.45549999999999,0.0001034305,0.0
4,2023-08-08 14:38:00,5339.105294117647,37.15294117647059,55.44705882352941,13.677305555555556,100.4555,0.0005381413,0.0
4,2023-08-08 14:39:00,3971.0113333333334,37.65333333333333,53.72666666666667,13.677305555555556,100.4555,0.0016004834,0.0
4,2023-08-08 14:40:00,4061.9936,37.444,53.843999999999994,13.677305555555556,100.45549999999999,0.000282845,0.0
4,2023-08-08 14:41:00,4329.500833333333,37.88333333333333,52.725,13.677305555555556,100.45549999999999,0.017996214,0.0
4,2023-08-08 14:42:00,4495.9349999999995,38.059999999999995,51.99666666666667,13.677305555555556,100.4555,0.0012651659,0.0
4,2023-08-08 14:43:00,4466.593333333333,37.9,52.63333333333333,13.677305555555556,100.45549999999999,0.0015305491,0.0
4,2023-08-08 14:45:00,4245.38,37.58,53.52,13.677305555555558,100.4555,0.0071610645,0.0
4,2023-08-08 14:46:00,4136.1889473684205,38.04736842105263,52.705263157894734,13.677305555555558,100.4555,0.82330626,1.0
4,2023-08-08 14:47:00,3803.523333333333,37.96666666666667,53.074999999999996,13.677305555555556,100.45549999999999,0.8178902,1.0
4,2023-08-08 14:48:00,3697.537857142857,37.892857142857146,53.457142857142856,13.677305555555554,100.4555,0.012992442,0.0
4,2023-08-08 14:49:00,3267.8566666666666,37.65,53.81666666666666,13.677305555555556,100.45549999999999,0.014092415,0.0
